{"v":"4.8.0","meta":{"g":"LottieFiles AE 3.0.0","a":"","k":"","d":"","tc":""},"fr":60,"ip":1,"op":120,"w":375,"h":550,"nm":"Congrat to Noti Final","ddd":0,"assets":[{"id":"comp_0","layers":[{"ddd":0,"ind":1,"ty":4,"nm":"VÃ ng","sr":1,"ks":{"o":{"a":1,"k":[{"i":{"x":[0.833],"y":[0.833]},"o":{"x":[0.167],"y":[0.167]},"t":50,"s":[100]},{"t":60,"s":[0]}],"ix":11},"r":{"a":0,"k":0,"ix":10},"p":{"a":1,"k":[{"i":{"x":0.833,"y":0.912},"o":{"x":0.333,"y":0},"t":0,"s":[384.859,441.176,0],"to":[0,0,0],"ti":[52.859,-3.699,0]},{"i":{"x":0.667,"y":1},"o":{"x":0.167,"y":0.196},"t":17,"s":[255.859,291.301,0],"to":[-169.359,-25.551,0],"ti":[0,0,0]},{"t":119,"s":[66.859,768.676,0]}],"ix":2},"a":{"a":0,"k":[-120.641,-26.949,0],"ix":1},"s":{"a":0,"k":[100,100,100],"ix":6}},"ao":0,"shapes":[{"ty":"gr","it":[{"ind":0,"ty":"sh","ix":1,"ks":{"a":0,"k":{"i":[[2.062,1.5],[0.688,-1.344],[-2.688,0.719],[-0.031,1.688]],"o":[[-0.719,1.406],[2,2.219],[0.031,-1.5],[-2.375,0.312]],"v":[[-123.156,-30.281],[-125.344,-26.156],[-116.062,-23.875],[-115.938,-28.562]],"c":true},"ix":2},"nm":"Path 1","mn":"ADBE Vector Shape - Group","hd":false},{"ty":"gf","o":{"a":0,"k":100,"ix":10},"r":1,"bm":0,"g":{"p":3,"k":{"a":0,"k":[0,0.988,0.584,0.071,0.5,0.994,0.753,0.09,1,1,0.922,0.11],"ix":9}},"s":{"a":0,"k":[-124.046,-27.559],"ix":5},"e":{"a":0,"k":[-114.806,-24.819],"ix":6},"t":1,"nm":"Gradient Fill 1","mn":"ADBE Vector Graphic - G-Fill","hd":false},{"ty":"tr","p":{"a":0,"k":[0,0],"ix":2},"a":{"a":0,"k":[0,0],"ix":1},"s":{"a":0,"k":[100,100],"ix":3},"r":{"a":0,"k":0,"ix":6},"o":{"a":0,"k":100,"ix":7},"sk":{"a":0,"k":0,"ix":4},"sa":{"a":0,"k":0,"ix":5},"nm":"Transform"}],"nm":"Shape 1","np":3,"cix":2,"bm":0,"ix":1,"mn":"ADBE Vector Group","hd":false}],"ip":0,"op":120,"st":0,"bm":0},{"ddd":0,"ind":2,"ty":4,"nm":"Xanh lÃ¡ 3","sr":1,"ks":{"o":{"a":1,"k":[{"i":{"x":[0.833],"y":[0.833]},"o":{"x":[0.167],"y":[0.167]},"t":68,"s":[100]},{"t":78,"s":[0]}],"ix":11},"r":{"a":0,"k":0,"ix":10},"p":{"a":1,"k":[{"i":{"x":0.833,"y":0.924},"o":{"x":0.333,"y":0},"t":0,"s":[-53.797,489.391,0],"to":[0,0,0],"ti":[-102.422,26.266,0]},{"i":{"x":0.573,"y":0.701},"o":{"x":0.219,"y":0.128},"t":17,"s":[92.953,312.141,0],"to":[39.066,-8.61,0],"ti":[-44.459,-116.877,0]},{"i":{"x":0.699,"y":1},"o":{"x":0.294,"y":0.461},"t":41,"s":[320.34,386.174,0],"to":[29.173,122.24,0],"ti":[0,0,0]},{"t":119,"s":[318.203,767.641,0]}],"ix":2},"a":{"a":0,"k":[-179.781,-30.328,0],"ix":1},"s":{"a":0,"k":[100,100,100],"ix":6}},"ao":0,"shapes":[{"ty":"gr","it":[{"ind":0,"ty":"sh","ix":1,"ks":{"a":0,"k":{"i":[[0,0],[0,0],[0,0],[0,0]],"o":[[0,0],[0,0],[0,0],[0,0]],"v":[[-180.016,-34.984],[-183.828,-31.438],[-179.547,-25.672],[-175.734,-29.141]],"c":true},"ix":2},"nm":"Path 1","mn":"ADBE Vector Shape - Group","hd":false},{"ty":"gf","o":{"a":0,"k":100,"ix":10},"r":1,"bm":0,"g":{"p":3,"k":{"a":0,"k":[0,0.988,0.584,0.071,0.5,0.994,0.753,0.09,1,1,0.922,0.11],"ix":9}},"s":{"a":0,"k":[-181.646,-28.294],"ix":5},"e":{"a":0,"k":[-178.243,-31.974],"ix":6},"t":1,"nm":"Gradient Fill 1","mn":"ADBE Vector Graphic - G-Fill","hd":false},{"ty":"tr","p":{"a":0,"k":[0,0],"ix":2},"a":{"a":0,"k":[0,0],"ix":1},"s":{"a":0,"k":[100,100],"ix":3},"r":{"a":0,"k":0,"ix":6},"o":{"a":0,"k":100,"ix":7},"sk":{"a":0,"k":0,"ix":4},"sa":{"a":0,"k":0,"ix":5},"nm":"Transform"}],"nm":"Shape 1","np":2,"cix":2,"bm":0,"ix":1,"mn":"ADBE Vector Group","hd":false}],"ip":0,"op":120,"st":0,"bm":0},{"ddd":0,"ind":3,"ty":4,"nm":"Xanh lÃ¡ 2","sr":1,"ks":{"o":{"a":1,"k":[{"i":{"x":[0.833],"y":[0.833]},"o":{"x":[0.167],"y":[0.167]},"t":68,"s":[100]},{"t":78,"s":[0]}],"ix":11},"r":{"a":0,"k":0,"ix":10},"p":{"a":1,"k":[{"i":{"x":0.833,"y":0.898},"o":{"x":0.333,"y":0},"t":0,"s":[387.203,440.391,0],"to":[0,0,0],"ti":[66.578,27.266,0]},{"i":{"x":0.573,"y":0.576},"o":{"x":0.219,"y":0.181},"t":17,"s":[306.953,289.141,0],"to":[-58.934,-16.61,0],"ti":[35.541,-64.877,0]},{"i":{"x":0.699,"y":1},"o":{"x":0.294,"y":0.43},"t":41,"s":[155.34,370.174,0],"to":[-76.827,140.24,0],"ti":[0,0,0]},{"t":119,"s":[62.203,767.641,0]}],"ix":2},"a":{"a":0,"k":[-179.781,-30.328,0],"ix":1},"s":{"a":0,"k":[100,100,100],"ix":6}},"ao":0,"shapes":[{"ty":"gr","it":[{"ind":0,"ty":"sh","ix":1,"ks":{"a":0,"k":{"i":[[0,0],[0,0],[0,0],[0,0]],"o":[[0,0],[0,0],[0,0],[0,0]],"v":[[-180.016,-34.984],[-183.828,-31.438],[-179.547,-25.672],[-175.734,-29.141]],"c":true},"ix":2},"nm":"Path 1","mn":"ADBE Vector Shape - Group","hd":false},{"ty":"gf","o":{"a":0,"k":100,"ix":10},"r":1,"bm":0,"g":{"p":3,"k":{"a":0,"k":[0,0.988,0.584,0.071,0.5,0.994,0.753,0.09,1,1,0.922,0.11],"ix":9}},"s":{"a":0,"k":[-181.646,-28.294],"ix":5},"e":{"a":0,"k":[-178.243,-31.974],"ix":6},"t":1,"nm":"Gradient Fill 1","mn":"ADBE Vector Graphic - G-Fill","hd":false},{"ty":"tr","p":{"a":0,"k":[0,0],"ix":2},"a":{"a":0,"k":[0,0],"ix":1},"s":{"a":0,"k":[100,100],"ix":3},"r":{"a":0,"k":0,"ix":6},"o":{"a":0,"k":100,"ix":7},"sk":{"a":0,"k":0,"ix":4},"sa":{"a":0,"k":0,"ix":5},"nm":"Transform"}],"nm":"Shape 1","np":2,"cix":2,"bm":0,"ix":1,"mn":"ADBE Vector Group","hd":false}],"ip":0,"op":120,"st":0,"bm":0},{"ddd":0,"ind":4,"ty":4,"nm":"Xanh lÃ¡","sr":1,"ks":{"o":{"a":1,"k":[{"i":{"x":[0.833],"y":[0.833]},"o":{"x":[0.167],"y":[0.167]},"t":68,"s":[100]},{"t":78,"s":[0]}],"ix":11},"r":{"a":0,"k":0,"ix":10},"p":{"a":1,"k":[{"i":{"x":0.833,"y":0.898},"o":{"x":0.333,"y":0},"t":0,"s":[387.203,440.391,0],"to":[0,0,0],"ti":[66.578,27.266,0]},{"i":{"x":0.573,"y":0.576},"o":{"x":0.219,"y":0.181},"t":17,"s":[306.953,289.141,0],"to":[-58.934,-16.61,0],"ti":[35.541,-64.877,0]},{"i":{"x":0.699,"y":1},"o":{"x":0.294,"y":0.43},"t":41,"s":[155.34,370.174,0],"to":[-76.827,140.24,0],"ti":[0,0,0]},{"t":119,"s":[62.203,767.641,0]}],"ix":2},"a":{"a":0,"k":[-179.781,-30.328,0],"ix":1},"s":{"a":0,"k":[100,100,100],"ix":6}},"ao":0,"shapes":[{"ty":"gr","it":[{"ind":0,"ty":"sh","ix":1,"ks":{"a":0,"k":{"i":[[0,0],[0,0],[0,0],[0,0]],"o":[[0,0],[0,0],[0,0],[0,0]],"v":[[-180.016,-34.984],[-183.828,-31.438],[-179.547,-25.672],[-175.734,-29.141]],"c":true},"ix":2},"nm":"Path 1","mn":"ADBE Vector Shape - Group","hd":false},{"ty":"gf","o":{"a":0,"k":100,"ix":10},"r":1,"bm":0,"g":{"p":3,"k":{"a":0,"k":[0,0.988,0.584,0.071,0.5,0.994,0.753,0.09,1,1,0.922,0.11],"ix":9}},"s":{"a":0,"k":[-181.646,-28.294],"ix":5},"e":{"a":0,"k":[-178.243,-31.974],"ix":6},"t":1,"nm":"Gradient Fill 1","mn":"ADBE Vector Graphic - G-Fill","hd":false},{"ty":"tr","p":{"a":0,"k":[0,0],"ix":2},"a":{"a":0,"k":[0,0],"ix":1},"s":{"a":0,"k":[100,100],"ix":3},"r":{"a":0,"k":0,"ix":6},"o":{"a":0,"k":100,"ix":7},"sk":{"a":0,"k":0,"ix":4},"sa":{"a":0,"k":0,"ix":5},"nm":"Transform"}],"nm":"Shape 1","np":2,"cix":2,"bm":0,"ix":1,"mn":"ADBE Vector Group","hd":false}],"ip":0,"op":120,"st":0,"bm":0},{"ddd":0,"ind":5,"ty":4,"nm":"Xanh dÆ°Æ¡ng","sr":1,"ks":{"o":{"a":1,"k":[{"i":{"x":[0.833],"y":[0.833]},"o":{"x":[0.167],"y":[0.167]},"t":45,"s":[100]},{"t":55,"s":[0]}],"ix":11},"r":{"a":0,"k":0,"ix":10},"p":{"a":1,"k":[{"i":{"x":0.833,"y":0.921},"o":{"x":0.333,"y":0},"t":0,"s":[-18.516,444.75,0],"to":[0,0,0],"ti":[-60.391,3.125,0]},{"i":{"x":0.667,"y":1},"o":{"x":0.167,"y":0.205},"t":17,"s":[102.734,240.625,0],"to":[135.353,-3.259,0],"ti":[0,0,0]},{"t":119,"s":[141.484,770.875,0]}],"ix":2},"a":{"a":0,"k":[124.234,13.875,0],"ix":1},"s":{"a":0,"k":[100,100,100],"ix":6}},"ao":0,"shapes":[{"ty":"gr","it":[{"ind":0,"ty":"sh","ix":1,"ks":{"a":0,"k":{"i":[[0,0],[0,0],[0,0],[0,0]],"o":[[0,0],[0,0],[0,0],[0,0]],"v":[[123.375,6.5],[116.469,17.5],[125.25,21.25],[132,10.375]],"c":true},"ix":2},"nm":"Path 1","mn":"ADBE Vector Shape - Group","hd":false},{"ty":"gf","o":{"a":0,"k":100,"ix":10},"r":1,"bm":0,"g":{"p":3,"k":{"a":0,"k":[0,0.988,0.584,0.071,0.5,0.994,0.753,0.09,1,1,0.922,0.11],"ix":9}},"s":{"a":0,"k":[119.778,17.834],"ix":5},"e":{"a":0,"k":[130.159,10.961],"ix":6},"t":1,"nm":"Gradient Fill 1","mn":"ADBE Vector Graphic - G-Fill","hd":false},{"ty":"tr","p":{"a":0,"k":[0,0],"ix":2},"a":{"a":0,"k":[0,0],"ix":1},"s":{"a":0,"k":[100,100],"ix":3},"r":{"a":0,"k":0,"ix":6},"o":{"a":0,"k":100,"ix":7},"sk":{"a":0,"k":0,"ix":4},"sa":{"a":0,"k":0,"ix":5},"nm":"Transform"}],"nm":"Shape 1","np":3,"cix":2,"bm":0,"ix":1,"mn":"ADBE Vector Group","hd":false}],"ip":0,"op":120,"st":0,"bm":0},{"ddd":0,"ind":6,"ty":4,"nm":"Há»ng cÃ¡nh sen 2","sr":1,"ks":{"o":{"a":1,"k":[{"i":{"x":[0.833],"y":[0.833]},"o":{"x":[0.167],"y":[0.167]},"t":65,"s":[100]},{"t":75,"s":[0]}],"ix":11},"r":{"a":0,"k":0,"ix":10},"p":{"a":1,"k":[{"i":{"x":0.833,"y":0.923},"o":{"x":0.333,"y":0},"t":0,"s":[456.203,442.641,0],"to":[0,0,0],"ti":[234.328,20.766,0]},{"i":{"x":0.57,"y":0.595},"o":{"x":0.207,"y":0.217},"t":17,"s":[232.703,305.141,0],"to":[-51.73,1.838,0],"ti":[2.669,-102.298,0]},{"i":{"x":0.702,"y":1},"o":{"x":0.31,"y":0.445},"t":48,"s":[68.67,429.135,0],"to":[-3.685,141.24,0],"ti":[0,0,0]},{"t":119,"s":[59.203,773.141,0]}],"ix":2},"a":{"a":0,"k":[-179.781,-30.328,0],"ix":1},"s":{"a":0,"k":[100,100,100],"ix":6}},"ao":0,"shapes":[{"ty":"gr","it":[{"ind":0,"ty":"sh","ix":1,"ks":{"a":0,"k":{"i":[[0,0],[0,0],[0,0],[0,0]],"o":[[0,0],[0,0],[0,0],[0,0]],"v":[[-180.016,-34.984],[-183.828,-31.438],[-179.547,-25.672],[-175.734,-29.141]],"c":true},"ix":2},"nm":"Path 1","mn":"ADBE Vector Shape - Group","hd":false},{"ty":"gf","o":{"a":0,"k":100,"ix":10},"r":1,"bm":0,"g":{"p":3,"k":{"a":0,"k":[0,0.988,0.584,0.071,0.5,0.994,0.753,0.09,1,1,0.922,0.11],"ix":9}},"s":{"a":0,"k":[-182.193,-28.689],"ix":5},"e":{"a":0,"k":[-176.39,-30.2],"ix":6},"t":1,"nm":"Gradient Fill 1","mn":"ADBE Vector Graphic - G-Fill","hd":false},{"ty":"tr","p":{"a":0,"k":[0,0],"ix":2},"a":{"a":0,"k":[0,0],"ix":1},"s":{"a":0,"k":[100,100],"ix":3},"r":{"a":0,"k":0,"ix":6},"o":{"a":0,"k":100,"ix":7},"sk":{"a":0,"k":0,"ix":4},"sa":{"a":0,"k":0,"ix":5},"nm":"Transform"}],"nm":"Shape 1","np":2,"cix":2,"bm":0,"ix":1,"mn":"ADBE Vector Group","hd":false}],"ip":0,"op":120,"st":0,"bm":0},{"ddd":0,"ind":7,"ty":4,"nm":"Há»ng cÃ¡nh sen","sr":1,"ks":{"o":{"a":1,"k":[{"i":{"x":[0.833],"y":[0.833]},"o":{"x":[0.167],"y":[0.167]},"t":65,"s":[100]},{"t":75,"s":[0]}],"ix":11},"r":{"a":0,"k":0,"ix":10},"p":{"a":1,"k":[{"i":{"x":0.833,"y":0.923},"o":{"x":0.333,"y":0},"t":0,"s":[-13.797,443.641,0],"to":[0,0,0],"ti":[-72.672,1.766,0]},{"i":{"x":0.667,"y":1},"o":{"x":0.167,"y":0.207},"t":17,"s":[141.703,266.141,0],"to":[169.672,-2.766,0],"ti":[0,0,0]},{"t":119,"s":[181.203,765.141,0]}],"ix":2},"a":{"a":0,"k":[-179.781,-30.328,0],"ix":1},"s":{"a":0,"k":[100,100,100],"ix":6}},"ao":0,"shapes":[{"ty":"gr","it":[{"ind":0,"ty":"sh","ix":1,"ks":{"a":0,"k":{"i":[[0,0],[0,0],[0,0],[0,0]],"o":[[0,0],[0,0],[0,0],[0,0]],"v":[[-180.016,-34.984],[-183.828,-31.438],[-179.547,-25.672],[-175.734,-29.141]],"c":true},"ix":2},"nm":"Path 1","mn":"ADBE Vector Shape - Group","hd":false},{"ty":"gf","o":{"a":0,"k":100,"ix":10},"r":1,"bm":0,"g":{"p":3,"k":{"a":0,"k":[0,0.988,0.584,0.071,0.5,0.994,0.753,0.09,1,1,0.922,0.11],"ix":9}},"s":{"a":0,"k":[-182.193,-28.689],"ix":5},"e":{"a":0,"k":[-176.39,-30.2],"ix":6},"t":1,"nm":"Gradient Fill 1","mn":"ADBE Vector Graphic - G-Fill","hd":false},{"ty":"tr","p":{"a":0,"k":[0,0],"ix":2},"a":{"a":0,"k":[0,0],"ix":1},"s":{"a":0,"k":[100,100],"ix":3},"r":{"a":0,"k":0,"ix":6},"o":{"a":0,"k":100,"ix":7},"sk":{"a":0,"k":0,"ix":4},"sa":{"a":0,"k":0,"ix":5},"nm":"Transform"}],"nm":"Shape 1","np":2,"cix":2,"bm":0,"ix":1,"mn":"ADBE Vector Group","hd":false}],"ip":0,"op":120,"st":0,"bm":0},{"ddd":0,"ind":8,"ty":4,"nm":"Äá»","sr":1,"ks":{"o":{"a":1,"k":[{"i":{"x":[0.833],"y":[0.833]},"o":{"x":[0.167],"y":[0.167]},"t":70,"s":[100]},{"t":80,"s":[0]}],"ix":11},"r":{"a":0,"k":0,"ix":10},"p":{"a":1,"k":[{"i":{"x":0.833,"y":0.93},"o":{"x":0.333,"y":0},"t":0,"s":[387.422,433.109,0],"to":[-28.922,-20.109,0],"ti":[160.797,-5.141,0]},{"i":{"x":0.667,"y":1},"o":{"x":0.167,"y":0.216},"t":17,"s":[189.047,272.109,0],"to":[-151.047,31.141,0],"ti":[0,0,0]},{"t":119,"s":[38.922,762.734,0]}],"ix":2},"a":{"a":0,"k":[75.922,18.484,0],"ix":1},"s":{"a":0,"k":[100,100,100],"ix":6}},"ao":0,"shapes":[{"ty":"gr","it":[{"ind":0,"ty":"sh","ix":1,"ks":{"a":0,"k":{"i":[[0.781,3.062],[1.312,-1.25],[-2.562,-0.406],[-1.156,1.094]],"o":[[-1.312,1.344],[0.469,2.656],[1.469,-1.188],[-2.844,-0.875]],"v":[[75.156,13.406],[70.594,18],[76.719,23.562],[81.25,19.281]],"c":true},"ix":2},"nm":"Path 1","mn":"ADBE Vector Shape - Group","hd":false},{"ty":"gf","o":{"a":0,"k":100,"ix":10},"r":1,"bm":0,"g":{"p":3,"k":{"a":0,"k":[0,0.988,0.584,0.071,0.5,0.994,0.753,0.09,1,1,0.922,0.11],"ix":9}},"s":{"a":0,"k":[70.358,20.536],"ix":5},"e":{"a":0,"k":[78.835,19.679],"ix":6},"t":1,"nm":"Gradient Fill 1","mn":"ADBE Vector Graphic - G-Fill","hd":false},{"ty":"tr","p":{"a":0,"k":[0,0],"ix":2},"a":{"a":0,"k":[0,0],"ix":1},"s":{"a":0,"k":[100,100],"ix":3},"r":{"a":0,"k":0,"ix":6},"o":{"a":0,"k":100,"ix":7},"sk":{"a":0,"k":0,"ix":4},"sa":{"a":0,"k":0,"ix":5},"nm":"Transform"}],"nm":"Shape 1","np":3,"cix":2,"bm":0,"ix":1,"mn":"ADBE Vector Group","hd":false}],"ip":0,"op":120,"st":0,"bm":0},{"ddd":0,"ind":9,"ty":4,"nm":"Xanh dÆ°Æ¡ng 3","sr":1,"ks":{"o":{"a":1,"k":[{"i":{"x":[0.833],"y":[0.833]},"o":{"x":[0.167],"y":[0.167]},"t":45,"s":[100]},{"t":55,"s":[0]}],"ix":11},"r":{"a":0,"k":0,"ix":10},"p":{"a":1,"k":[{"i":{"x":0.833,"y":0.923},"o":{"x":0.333,"y":0},"t":0,"s":[455.484,485.75,0],"to":[0,0,0],"ti":[150.609,54.125,0]},{"i":{"x":0.579,"y":0.77},"o":{"x":0.23,"y":0.1},"t":17,"s":[322.734,339.625,0],"to":[-122.813,-16.527,0],"ti":[13.387,-43.585,0]},{"i":{"x":0.653,"y":0.814},"o":{"x":0.319,"y":0.201},"t":36,"s":[102.181,422.606,0],"to":[-4.342,14.138,0],"ti":[0.266,-16.837,0]},{"i":{"x":0.7,"y":1},"o":{"x":0.299,"y":0.426},"t":43,"s":[85.225,500.946,0],"to":[-2.027,128.151,0],"ti":[0,0,0]},{"t":119,"s":[79.484,828.875,0]}],"ix":2},"a":{"a":0,"k":[124.234,13.875,0],"ix":1},"s":{"a":0,"k":[100,86.441,100],"ix":6}},"ao":0,"shapes":[{"ty":"gr","it":[{"ind":0,"ty":"sh","ix":1,"ks":{"a":0,"k":{"i":[[0,0],[0,0],[0,0],[0,0]],"o":[[0,0],[0,0],[0,0],[0,0]],"v":[[123.375,6.5],[116.469,17.5],[125.25,21.25],[132,10.375]],"c":true},"ix":2},"nm":"Path 1","mn":"ADBE Vector Shape - Group","hd":false},{"ty":"gf","o":{"a":0,"k":100,"ix":10},"r":1,"bm":0,"g":{"p":3,"k":{"a":0,"k":[0,0.988,0.584,0.071,0.5,0.994,0.753,0.09,1,1,0.922,0.11],"ix":9}},"s":{"a":0,"k":[119.778,17.834],"ix":5},"e":{"a":0,"k":[130.159,10.961],"ix":6},"t":1,"nm":"Gradient Fill 1","mn":"ADBE Vector Graphic - G-Fill","hd":false},{"ty":"tr","p":{"a":0,"k":[0,0],"ix":2},"a":{"a":0,"k":[0,0],"ix":1},"s":{"a":0,"k":[100,100],"ix":3},"r":{"a":0,"k":0,"ix":6},"o":{"a":0,"k":100,"ix":7},"sk":{"a":0,"k":0,"ix":4},"sa":{"a":0,"k":0,"ix":5},"nm":"Transform"}],"nm":"Shape 1","np":3,"cix":2,"bm":0,"ix":1,"mn":"ADBE Vector Group","hd":false}],"ip":0,"op":120,"st":0,"bm":0},{"ddd":0,"ind":10,"ty":4,"nm":"Xanh dÆ°Æ¡ng 2","sr":1,"ks":{"o":{"a":1,"k":[{"i":{"x":[0.833],"y":[0.833]},"o":{"x":[0.167],"y":[0.167]},"t":45,"s":[100]},{"t":55,"s":[0]}],"ix":11},"r":{"a":0,"k":0,"ix":10},"p":{"a":1,"k":[{"i":{"x":0.833,"y":0.93},"o":{"x":0.333,"y":0},"t":0,"s":[455.484,485.75,0],"to":[0,0,0],"ti":[150.609,-13.875,0]},{"i":{"x":0.58,"y":0.643},"o":{"x":0.233,"y":0.155},"t":17,"s":[322.734,339.625,0],"to":[-46.195,25.999,0],"ti":[14.588,-40.082,0]},{"i":{"x":0.651,"y":0.731},"o":{"x":0.316,"y":0.292},"t":35,"s":[202.499,433.691,0],"to":[-5.827,16.011,0],"ti":[0.31,-19.622,0]},{"i":{"x":0.7,"y":1},"o":{"x":0.299,"y":0.4},"t":43,"s":[196.225,496.946,0],"to":[-2.027,128.151,0],"ti":[0,0,0]},{"t":119,"s":[217.484,844.875,0]}],"ix":2},"a":{"a":0,"k":[124.234,13.875,0],"ix":1},"s":{"a":0,"k":[100,86.441,100],"ix":6}},"ao":0,"shapes":[{"ty":"gr","it":[{"ind":0,"ty":"sh","ix":1,"ks":{"a":0,"k":{"i":[[0,0],[0,0],[0,0],[0,0]],"o":[[0,0],[0,0],[0,0],[0,0]],"v":[[123.375,6.5],[116.469,17.5],[125.25,21.25],[132,10.375]],"c":true},"ix":2},"nm":"Path 1","mn":"ADBE Vector Shape - Group","hd":false},{"ty":"gf","o":{"a":0,"k":100,"ix":10},"r":1,"bm":0,"g":{"p":3,"k":{"a":0,"k":[0,0.988,0.584,0.071,0.5,0.994,0.753,0.09,1,1,0.922,0.11],"ix":9}},"s":{"a":0,"k":[119.778,17.834],"ix":5},"e":{"a":0,"k":[130.159,10.961],"ix":6},"t":1,"nm":"Gradient Fill 1","mn":"ADBE Vector Graphic - G-Fill","hd":false},{"ty":"tr","p":{"a":0,"k":[0,0],"ix":2},"a":{"a":0,"k":[0,0],"ix":1},"s":{"a":0,"k":[100,100],"ix":3},"r":{"a":0,"k":0,"ix":6},"o":{"a":0,"k":100,"ix":7},"sk":{"a":0,"k":0,"ix":4},"sa":{"a":0,"k":0,"ix":5},"nm":"Transform"}],"nm":"Shape 1","np":3,"cix":2,"bm":0,"ix":1,"mn":"ADBE Vector Group","hd":false}],"ip":0,"op":120,"st":0,"bm":0},{"ddd":0,"ind":11,"ty":4,"nm":"hong 3","sr":1,"ks":{"o":{"a":1,"k":[{"i":{"x":[0.833],"y":[0.833]},"o":{"x":[0.167],"y":[0.167]},"t":65,"s":[100]},{"t":75,"s":[0]}],"ix":11},"r":{"a":0,"k":0,"ix":10},"p":{"a":1,"k":[{"i":{"x":0.833,"y":0.945},"o":{"x":0.333,"y":0},"t":0,"s":[-40.25,546.406,0],"to":[0,0,0],"ti":[-109.5,25.156,0]},{"i":{"x":0.607,"y":0.539},"o":{"x":0.269,"y":0.118},"t":17,"s":[144.25,322.656,0],"to":[25.079,-6.564,0],"ti":[-40.238,-17.157,0]},{"i":{"x":0.621,"y":0.834},"o":{"x":0.281,"y":0.343},"t":25,"s":[247.973,329.405,0],"to":[53.157,22.665,0],"ti":[-3.016,-87.134,0]},{"i":{"x":0.699,"y":1},"o":{"x":0.296,"y":0.342},"t":42,"s":[353.011,505.558,0],"to":[-9.137,107.52,0],"ti":[15.702,-12.796,0]},{"t":119,"s":[331.25,874.281,0]}],"ix":2},"a":{"a":0,"k":[154.25,-31.594,0],"ix":1},"s":{"a":0,"k":[100,100,100],"ix":6}},"ao":0,"shapes":[{"ty":"gr","it":[{"ind":0,"ty":"sh","ix":1,"ks":{"a":0,"k":{"i":[[0,0],[0,0],[0,0],[0,0]],"o":[[0,0],[0,0],[0,0],[0,0]],"v":[[150.969,-34.875],[150.375,-29.531],[157.906,-28.312],[158.125,-33.594]],"c":true},"ix":2},"nm":"Path 1","mn":"ADBE Vector Shape - Group","hd":false},{"ty":"gf","o":{"a":0,"k":100,"ix":10},"r":1,"bm":14,"g":{"p":3,"k":{"a":0,"k":[0,0.843,0.435,0.176,0.5,0.922,0.665,0.088,1,1,0.894,0],"ix":9}},"s":{"a":0,"k":[143.512,-25.294],"ix":5},"e":{"a":0,"k":[159.924,-34.156],"ix":6},"t":1,"nm":"Gradient Fill 1","mn":"ADBE Vector Graphic - G-Fill","hd":false},{"ty":"tr","p":{"a":0,"k":[0,0],"ix":2},"a":{"a":0,"k":[0,0],"ix":1},"s":{"a":0,"k":[100,100],"ix":3},"r":{"a":0,"k":0,"ix":6},"o":{"a":0,"k":100,"ix":7},"sk":{"a":0,"k":0,"ix":4},"sa":{"a":0,"k":0,"ix":5},"nm":"Transform"}],"nm":"Shape 1","np":3,"cix":2,"bm":0,"ix":1,"mn":"ADBE Vector Group","hd":false}],"ip":0,"op":120,"st":0,"bm":0},{"ddd":0,"ind":12,"ty":4,"nm":"xanh min 5","sr":1,"ks":{"o":{"a":1,"k":[{"i":{"x":[0.833],"y":[0.833]},"o":{"x":[0.167],"y":[0.167]},"t":70,"s":[100]},{"t":80,"s":[0]}],"ix":11},"r":{"a":0,"k":0,"ix":10},"p":{"a":1,"k":[{"i":{"x":0.833,"y":0.939},"o":{"x":0.333,"y":0},"t":0,"s":[-17.578,444.859,0],"to":[58.328,-98.859,0],"ti":[-39.453,-1.391,0]},{"i":{"x":0.607,"y":0.675},"o":{"x":0.269,"y":0.097},"t":17,"s":[187.797,298.859,0],"to":[15.42,-1.081,0],"ti":[-26.797,-29.154,0]},{"i":{"x":0.633,"y":0.666},"o":{"x":0.297,"y":0.402},"t":25,"s":[304.77,328.372,0],"to":[26.15,28.45,0],"ti":[-2.135,-33.442,0]},{"i":{"x":0.652,"y":0.804},"o":{"x":0.318,"y":0.284},"t":35,"s":[348.925,409.432,0],"to":[1.159,18.159,0],"ti":[-0.697,-13.968,0]},{"i":{"x":0.699,"y":1},"o":{"x":0.296,"y":0.437},"t":42,"s":[353.544,476.619,0],"to":[-0.345,116.37,0],"ti":[0,0,0]},{"t":119,"s":[332.922,759.484,0]}],"ix":2},"a":{"a":0,"k":[75.922,18.484,0],"ix":1},"s":{"a":0,"k":[119.692,119.692,100],"ix":6}},"ao":0,"shapes":[{"ty":"gr","it":[{"ind":0,"ty":"sh","ix":1,"ks":{"a":0,"k":{"i":[[0.781,3.062],[1.312,-1.25],[-2.562,-0.406],[-1.156,1.094]],"o":[[-1.312,1.344],[0.469,2.656],[1.469,-1.188],[-2.844,-0.875]],"v":[[75.156,13.406],[70.594,18],[76.719,23.562],[81.25,19.281]],"c":true},"ix":2},"nm":"Path 1","mn":"ADBE Vector Shape - Group","hd":false},{"ty":"gf","o":{"a":0,"k":100,"ix":10},"r":1,"bm":0,"g":{"p":3,"k":{"a":0,"k":[0,0.157,0.314,1,0.5,0.222,0.422,1,1,0.286,0.529,1],"ix":9}},"s":{"a":0,"k":[78.576,20.997],"ix":5},"e":{"a":0,"k":[70.119,18.115],"ix":6},"t":1,"nm":"Gradient Fill 1","mn":"ADBE Vector Graphic - G-Fill","hd":false},{"ty":"tr","p":{"a":0,"k":[0,0],"ix":2},"a":{"a":0,"k":[0,0],"ix":1},"s":{"a":0,"k":[100,100],"ix":3},"r":{"a":0,"k":0,"ix":6},"o":{"a":0,"k":100,"ix":7},"sk":{"a":0,"k":0,"ix":4},"sa":{"a":0,"k":0,"ix":5},"nm":"Transform"}],"nm":"Shape 1","np":3,"cix":2,"bm":0,"ix":1,"mn":"ADBE Vector Group","hd":false}],"ip":0,"op":120,"st":0,"bm":0},{"ddd":0,"ind":13,"ty":4,"nm":"xanh min 4","sr":1,"ks":{"o":{"a":1,"k":[{"i":{"x":[0.833],"y":[0.833]},"o":{"x":[0.167],"y":[0.167]},"t":70,"s":[100]},{"t":80,"s":[0]}],"ix":11},"r":{"a":0,"k":0,"ix":10},"p":{"a":1,"k":[{"i":{"x":0.833,"y":0.929},"o":{"x":0.333,"y":0},"t":0,"s":[-17.578,444.859,0],"to":[58.328,-98.859,0],"ti":[-39.453,-1.391,0]},{"i":{"x":0.607,"y":0.567},"o":{"x":0.269,"y":0.129},"t":17,"s":[135.797,295.859,0],"to":[15.42,-1.081,0],"ti":[-26.797,-29.154,0]},{"i":{"x":0.621,"y":0.808},"o":{"x":0.281,"y":0.335},"t":25,"s":[220.77,325.372,0],"to":[40.35,43.898,0],"ti":[-1.98,-39.693,0]},{"i":{"x":0.699,"y":1},"o":{"x":0.296,"y":0.455},"t":42,"s":[287.544,491.619,0],"to":[5.655,113.37,0],"ti":[0,0,0]},{"t":119,"s":[254.922,761.484,0]}],"ix":2},"a":{"a":0,"k":[75.922,18.484,0],"ix":1},"s":{"a":0,"k":[100,100,100],"ix":6}},"ao":0,"shapes":[{"ty":"gr","it":[{"ind":0,"ty":"sh","ix":1,"ks":{"a":0,"k":{"i":[[0.781,3.062],[1.312,-1.25],[-2.562,-0.406],[-1.156,1.094]],"o":[[-1.312,1.344],[0.469,2.656],[1.469,-1.188],[-2.844,-0.875]],"v":[[75.156,13.406],[70.594,18],[76.719,23.562],[81.25,19.281]],"c":true},"ix":2},"nm":"Path 1","mn":"ADBE Vector Shape - Group","hd":false},{"ty":"gf","o":{"a":0,"k":100,"ix":10},"r":1,"bm":0,"g":{"p":3,"k":{"a":0,"k":[0,0.157,0.314,1,0.5,0.222,0.422,1,1,0.286,0.529,1],"ix":9}},"s":{"a":0,"k":[78.576,20.997],"ix":5},"e":{"a":0,"k":[70.119,18.115],"ix":6},"t":1,"nm":"Gradient Fill 1","mn":"ADBE Vector Graphic - G-Fill","hd":false},{"ty":"tr","p":{"a":0,"k":[0,0],"ix":2},"a":{"a":0,"k":[0,0],"ix":1},"s":{"a":0,"k":[100,100],"ix":3},"r":{"a":0,"k":0,"ix":6},"o":{"a":0,"k":100,"ix":7},"sk":{"a":0,"k":0,"ix":4},"sa":{"a":0,"k":0,"ix":5},"nm":"Transform"}],"nm":"Shape 1","np":3,"cix":2,"bm":0,"ix":1,"mn":"ADBE Vector Group","hd":false}],"ip":0,"op":120,"st":0,"bm":0},{"ddd":0,"ind":14,"ty":4,"nm":"xanh duong 4","sr":1,"ks":{"o":{"a":1,"k":[{"i":{"x":[0.833],"y":[0.833]},"o":{"x":[0.167],"y":[0.167]},"t":48,"s":[100]},{"t":58,"s":[0]}],"ix":11},"r":{"a":0,"k":0,"ix":10},"p":{"a":1,"k":[{"i":{"x":0.833,"y":0.926},"o":{"x":0.333,"y":0},"t":0,"s":[-19.734,448.562,0],"to":[12.792,-17.146,0],"ti":[-46.484,-8.812,0]},{"i":{"x":0.596,"y":0.885},"o":{"x":0.256,"y":0.063},"t":17,"s":[120.516,343.688,0],"to":[12.231,3.201,0],"ti":[-16.894,-97.758,0]},{"i":{"x":0.688,"y":1},"o":{"x":0.246,"y":0.302},"t":28,"s":[293.444,427.395,0],"to":[12.969,92.453,0],"ti":[54.734,-50.696,0]},{"t":119,"s":[275.266,825.938,0]}],"ix":2},"a":{"a":0,"k":[20.266,28.938,0],"ix":1},"s":{"a":0,"k":[100,100,100],"ix":6}},"ao":0,"shapes":[{"ty":"gr","it":[{"ind":0,"ty":"sh","ix":1,"ks":{"a":0,"k":{"i":[[0,0],[0,0],[0,0],[0,0]],"o":[[0,0],[0,0],[0,0],[0,0]],"v":[[21.969,23.219],[14.594,29.781],[18.562,34.656],[25.938,28.25]],"c":true},"ix":2},"nm":"Path 1","mn":"ADBE Vector Shape - Group","hd":false},{"ty":"gf","o":{"a":0,"k":100,"ix":10},"r":1,"bm":0,"g":{"p":3,"k":{"a":0,"k":[0,0.988,0.592,0.071,0.5,0.992,0.698,0.084,1,0.996,0.804,0.098],"ix":9}},"s":{"a":0,"k":[18.688,32.589],"ix":5},"e":{"a":0,"k":[21.192,22.948],"ix":6},"t":1,"nm":"Gradient Fill 1","mn":"ADBE Vector Graphic - G-Fill","hd":false},{"ty":"tr","p":{"a":0,"k":[0,0],"ix":2},"a":{"a":0,"k":[0,0],"ix":1},"s":{"a":0,"k":[100,100],"ix":3},"r":{"a":0,"k":0,"ix":6},"o":{"a":0,"k":100,"ix":7},"sk":{"a":0,"k":0,"ix":4},"sa":{"a":0,"k":0,"ix":5},"nm":"Transform"}],"nm":"Shape 1","np":3,"cix":2,"bm":0,"ix":1,"mn":"ADBE Vector Group","hd":false}],"ip":0,"op":120,"st":0,"bm":0},{"ddd":0,"ind":15,"ty":4,"nm":"xanh duong 2","sr":1,"ks":{"o":{"a":1,"k":[{"i":{"x":[0.833],"y":[0.833]},"o":{"x":[0.167],"y":[0.167]},"t":48,"s":[100]},{"t":58,"s":[0]}],"ix":11},"r":{"a":0,"k":0,"ix":10},"p":{"a":1,"k":[{"i":{"x":0.833,"y":0.914},"o":{"x":0.333,"y":0},"t":0,"s":[-19.734,448.562,0],"to":[12.792,-17.146,0],"ti":[-46.484,-8.812,0]},{"i":{"x":0.667,"y":1},"o":{"x":0.167,"y":0.198},"t":17,"s":[117.516,382.688,0],"to":[52.967,13.863,0],"ti":[71.167,-65.917,0]},{"t":119,"s":[69.266,767.938,0]}],"ix":2},"a":{"a":0,"k":[20.266,28.938,0],"ix":1},"s":{"a":0,"k":[100,100,100],"ix":6}},"ao":0,"shapes":[{"ty":"gr","it":[{"ind":0,"ty":"sh","ix":1,"ks":{"a":0,"k":{"i":[[0,0],[0,0],[0,0],[0,0]],"o":[[0,0],[0,0],[0,0],[0,0]],"v":[[21.969,23.219],[14.594,29.781],[18.562,34.656],[25.938,28.25]],"c":true},"ix":2},"nm":"Path 1","mn":"ADBE Vector Shape - Group","hd":false},{"ty":"gf","o":{"a":0,"k":100,"ix":10},"r":1,"bm":0,"g":{"p":3,"k":{"a":0,"k":[0,0.988,0.592,0.071,0.5,0.992,0.698,0.084,1,0.996,0.804,0.098],"ix":9}},"s":{"a":0,"k":[18.688,32.589],"ix":5},"e":{"a":0,"k":[21.192,22.948],"ix":6},"t":1,"nm":"Gradient Fill 1","mn":"ADBE Vector Graphic - G-Fill","hd":false},{"ty":"tr","p":{"a":0,"k":[0,0],"ix":2},"a":{"a":0,"k":[0,0],"ix":1},"s":{"a":0,"k":[100,100],"ix":3},"r":{"a":0,"k":0,"ix":6},"o":{"a":0,"k":100,"ix":7},"sk":{"a":0,"k":0,"ix":4},"sa":{"a":0,"k":0,"ix":5},"nm":"Transform"}],"nm":"Shape 1","np":3,"cix":2,"bm":0,"ix":1,"mn":"ADBE Vector Group","hd":false}],"ip":0,"op":120,"st":0,"bm":0},{"ddd":0,"ind":16,"ty":4,"nm":"do cam 4","sr":1,"ks":{"o":{"a":1,"k":[{"i":{"x":[0.833],"y":[0.833]},"o":{"x":[0.167],"y":[0.167]},"t":40,"s":[100]},{"t":50,"s":[0]}],"ix":11},"r":{"a":0,"k":0,"ix":10},"p":{"a":1,"k":[{"i":{"x":0.833,"y":0.945},"o":{"x":0.333,"y":0},"t":0,"s":[-17.078,443.531,0],"to":[0,0,0],"ti":[-87.328,-22.969,0]},{"i":{"x":0.58,"y":0.546},"o":{"x":0.233,"y":0.153},"t":17,"s":[205.672,292.031,0],"to":[32.367,6.095,0],"ti":[-3.405,-69.887,0]},{"i":{"x":0.652,"y":0.905},"o":{"x":0.318,"y":0.146},"t":35,"s":[309.666,381.216,0],"to":[0.955,19.593,0],"ti":[1.993,-13.495,0]},{"i":{"x":0.699,"y":1},"o":{"x":0.296,"y":0.306},"t":42,"s":[306.182,519.065,0],"to":[-16.228,109.885,0],"ti":[0,0,0]},{"t":119,"s":[170.172,893.906,0]}],"ix":2},"a":{"a":0,"k":[-167.828,29.156,0],"ix":1},"s":{"a":0,"k":[100,100,100],"ix":6}},"ao":0,"shapes":[{"ty":"gr","it":[{"ind":0,"ty":"sh","ix":1,"ks":{"a":0,"k":{"i":[[0,3.344],[1.875,-1.844],[-3.781,-0.125],[-1.875,2]],"o":[[-1.625,1.625],[0.094,2.531],[1.688,-1.656],[-3.906,0.844]],"v":[[-167.875,23.719],[-173.906,29.562],[-167.875,34.594],[-161.75,28.25]],"c":true},"ix":2},"nm":"Path 1","mn":"ADBE Vector Shape - Group","hd":false},{"ty":"gf","o":{"a":0,"k":100,"ix":10},"r":1,"bm":0,"g":{"p":3,"k":{"a":0,"k":[0,0.859,0.067,0.067,0.5,0.927,0.212,0.212,1,0.996,0.357,0.357],"ix":9}},"s":{"a":0,"k":[-168.628,33.336],"ix":5},"e":{"a":0,"k":[-168.822,27.353],"ix":6},"t":1,"nm":"Gradient Fill 1","mn":"ADBE Vector Graphic - G-Fill","hd":false},{"ty":"tr","p":{"a":0,"k":[0,0],"ix":2},"a":{"a":0,"k":[0,0],"ix":1},"s":{"a":0,"k":[100,100],"ix":3},"r":{"a":0,"k":0,"ix":6},"o":{"a":0,"k":100,"ix":7},"sk":{"a":0,"k":0,"ix":4},"sa":{"a":0,"k":0,"ix":5},"nm":"Transform"}],"nm":"Shape 1","np":3,"cix":2,"bm":0,"ix":1,"mn":"ADBE Vector Group","hd":false}],"ip":0,"op":120,"st":0,"bm":0},{"ddd":0,"ind":17,"ty":4,"nm":"do cam 2","sr":1,"ks":{"o":{"a":1,"k":[{"i":{"x":[0.833],"y":[0.833]},"o":{"x":[0.167],"y":[0.167]},"t":40,"s":[100]},{"t":50,"s":[0]}],"ix":11},"r":{"a":0,"k":0,"ix":10},"p":{"a":1,"k":[{"i":{"x":0.833,"y":0.945},"o":{"x":0.333,"y":0},"t":0,"s":[-17.078,443.531,0],"to":[0,0,0],"ti":[-87.328,-22.969,0]},{"i":{"x":0.572,"y":0.757},"o":{"x":0.217,"y":0.126},"t":17,"s":[205.672,292.031,0],"to":[41.441,7.804,0],"ti":[9.102,-61.631,0]},{"i":{"x":0.699,"y":1},"o":{"x":0.296,"y":0.312},"t":42,"s":[261.182,512.065,0],"to":[-16.228,109.885,0],"ti":[0,0,0]},{"t":119,"s":[170.172,893.906,0]}],"ix":2},"a":{"a":0,"k":[-167.828,29.156,0],"ix":1},"s":{"a":0,"k":[100,100,100],"ix":6}},"ao":0,"shapes":[{"ty":"gr","it":[{"ind":0,"ty":"sh","ix":1,"ks":{"a":0,"k":{"i":[[0,3.344],[1.875,-1.844],[-3.781,-0.125],[-1.875,2]],"o":[[-1.625,1.625],[0.094,2.531],[1.688,-1.656],[-3.906,0.844]],"v":[[-167.875,23.719],[-173.906,29.562],[-167.875,34.594],[-161.75,28.25]],"c":true},"ix":2},"nm":"Path 1","mn":"ADBE Vector Shape - Group","hd":false},{"ty":"gf","o":{"a":0,"k":100,"ix":10},"r":1,"bm":0,"g":{"p":3,"k":{"a":0,"k":[0,0.859,0.067,0.067,0.5,0.927,0.212,0.212,1,0.996,0.357,0.357],"ix":9}},"s":{"a":0,"k":[-168.628,33.336],"ix":5},"e":{"a":0,"k":[-168.822,27.353],"ix":6},"t":1,"nm":"Gradient Fill 1","mn":"ADBE Vector Graphic - G-Fill","hd":false},{"ty":"tr","p":{"a":0,"k":[0,0],"ix":2},"a":{"a":0,"k":[0,0],"ix":1},"s":{"a":0,"k":[100,100],"ix":3},"r":{"a":0,"k":0,"ix":6},"o":{"a":0,"k":100,"ix":7},"sk":{"a":0,"k":0,"ix":4},"sa":{"a":0,"k":0,"ix":5},"nm":"Transform"}],"nm":"Shape 1","np":3,"cix":2,"bm":0,"ix":1,"mn":"ADBE Vector Group","hd":false}],"ip":0,"op":120,"st":0,"bm":0},{"ddd":0,"ind":18,"ty":4,"nm":"vang cam 3","sr":1,"ks":{"o":{"a":1,"k":[{"i":{"x":[0.833],"y":[0.833]},"o":{"x":[0.167],"y":[0.167]},"t":50,"s":[100]},{"t":60,"s":[0]}],"ix":11},"r":{"a":0,"k":0,"ix":10},"p":{"a":1,"k":[{"i":{"x":0.833,"y":0.952},"o":{"x":0.333,"y":0},"t":0,"s":[-19.391,447.426,0],"to":[0,0,0],"ti":[-108.391,-17.199,0]},{"i":{"x":0.572,"y":0.811},"o":{"x":0.217,"y":0.107},"t":17,"s":[246.859,273.301,0],"to":[88.924,22.063,0],"ti":[-1.593,-61.955,0]},{"i":{"x":0.699,"y":1},"o":{"x":0.296,"y":0.33},"t":42,"s":[329.052,522.851,0],"to":[2.7,105.006,0],"ti":[0,0,0]},{"t":119,"s":[273.359,860.676,0]}],"ix":2},"a":{"a":0,"k":[-120.641,-26.949,0],"ix":1},"s":{"a":0,"k":[100,100,100],"ix":6}},"ao":0,"shapes":[{"ty":"gr","it":[{"ind":0,"ty":"sh","ix":1,"ks":{"a":0,"k":{"i":[[2.062,1.5],[0.688,-1.344],[-2.688,0.719],[-0.031,1.688]],"o":[[-0.719,1.406],[2,2.219],[0.031,-1.5],[-2.375,0.312]],"v":[[-123.156,-30.281],[-125.344,-26.156],[-116.062,-23.875],[-115.938,-28.562]],"c":true},"ix":2},"nm":"Path 1","mn":"ADBE Vector Shape - Group","hd":false},{"ty":"gf","o":{"a":0,"k":100,"ix":10},"r":1,"bm":0,"g":{"p":3,"k":{"a":0,"k":[0.001,0.992,0.243,0.722,0.501,0.996,0.439,0.814,1,1,0.635,0.906],"ix":9}},"s":{"a":0,"k":[-117.556,-25.891],"ix":5},"e":{"a":0,"k":[-124.496,-28.716],"ix":6},"t":1,"nm":"Gradient Fill 1","mn":"ADBE Vector Graphic - G-Fill","hd":false},{"ty":"tr","p":{"a":0,"k":[0,0],"ix":2},"a":{"a":0,"k":[0,0],"ix":1},"s":{"a":0,"k":[100,100],"ix":3},"r":{"a":0,"k":0,"ix":6},"o":{"a":0,"k":100,"ix":7},"sk":{"a":0,"k":0,"ix":4},"sa":{"a":0,"k":0,"ix":5},"nm":"Transform"}],"nm":"Shape 1","np":3,"cix":2,"bm":0,"ix":1,"mn":"ADBE Vector Group","hd":false}],"ip":0,"op":120,"st":0,"bm":0},{"ddd":0,"ind":19,"ty":4,"nm":"dot 8","sr":1,"ks":{"o":{"a":0,"k":100,"ix":11},"r":{"a":0,"k":0,"ix":10},"p":{"a":1,"k":[{"i":{"x":0.667,"y":0.573},"o":{"x":0.333,"y":0},"t":30,"s":[102.625,376.125,0],"to":[0,0,0],"ti":[29.179,-262.201,0]},{"i":{"x":0.667,"y":1},"o":{"x":0.333,"y":0.403},"t":57,"s":[281.24,550.765,0],"to":[-7.9,70.991,0],"ti":[-4.794,-124.429,0]},{"t":85,"s":[113,857.25,0]}],"ix":2},"a":{"a":0,"k":[168.625,-49.375,0],"ix":1},"s":{"a":1,"k":[{"i":{"x":[0.833,0.833,0.833],"y":[0.833,0.833,0.833]},"o":{"x":[0.167,0.167,0.167],"y":[0.167,0.167,0.167]},"t":30,"s":[0,0,100]},{"i":{"x":[0.833,0.833,0.833],"y":[0.833,0.833,0.833]},"o":{"x":[0.167,0.167,0.167],"y":[0.167,0.167,0.167]},"t":43,"s":[150,150,100]},{"i":{"x":[0.833,0.833,0.833],"y":[0.833,0.833,0.833]},"o":{"x":[0.167,0.167,0.167],"y":[0.167,0.167,0.167]},"t":63,"s":[150,150,100]},{"t":70,"s":[0,0,100]}],"ix":6}},"ao":0,"shapes":[{"ty":"gr","it":[{"d":1,"ty":"el","s":{"a":0,"k":[3.5,3.5],"ix":2},"p":{"a":0,"k":[0,0],"ix":3},"nm":"Ellipse Path 1","mn":"ADBE Vector Shape - Ellipse","hd":false},{"ty":"st","c":{"a":0,"k":[1,0.252780929266,1,1],"ix":3},"o":{"a":0,"k":100,"ix":4},"w":{"a":0,"k":1.5,"ix":5},"lc":1,"lj":1,"ml":4,"bm":0,"nm":"Stroke 1","mn":"ADBE Vector Graphic - Stroke","hd":false},{"ty":"gf","o":{"a":0,"k":100,"ix":10},"r":1,"bm":0,"g":{"p":3,"k":{"a":0,"k":[0,0.843,0.435,0.176,0.5,0.922,0.665,0.088,1,1,0.894,0],"ix":9}},"s":{"a":0,"k":[0,0],"ix":5},"e":{"a":0,"k":[100,0],"ix":6},"t":1,"nm":"Gradient Fill 1","mn":"ADBE Vector Graphic - G-Fill","hd":false},{"ty":"tr","p":{"a":0,"k":[168.625,-49.375],"ix":2},"a":{"a":0,"k":[0,0],"ix":1},"s":{"a":0,"k":[100,100],"ix":3},"r":{"a":0,"k":0,"ix":6},"o":{"a":0,"k":100,"ix":7},"sk":{"a":0,"k":0,"ix":4},"sa":{"a":0,"k":0,"ix":5},"nm":"Transform"}],"nm":"Ellipse 1","np":3,"cix":2,"bm":0,"ix":1,"mn":"ADBE Vector Group","hd":false}],"ip":0,"op":120,"st":0,"bm":0},{"ddd":0,"ind":20,"ty":4,"nm":"dot 4","sr":1,"ks":{"o":{"a":0,"k":100,"ix":11},"r":{"a":0,"k":0,"ix":10},"p":{"a":1,"k":[{"i":{"x":0.667,"y":1},"o":{"x":0.333,"y":0},"t":30,"s":[242.625,358.125,0],"to":[0,0,0],"ti":[-22.5,-584,0]},{"t":85,"s":[113,857.25,0]}],"ix":2},"a":{"a":0,"k":[168.625,-49.375,0],"ix":1},"s":{"a":1,"k":[{"i":{"x":[0.833,0.833,0.833],"y":[0.833,0.833,0.833]},"o":{"x":[0.167,0.167,0.167],"y":[0.167,0.167,0.167]},"t":30,"s":[0,0,100]},{"i":{"x":[0.833,0.833,0.833],"y":[0.833,0.833,0.833]},"o":{"x":[0.167,0.167,0.167],"y":[0.167,0.167,0.167]},"t":43,"s":[150,150,100]},{"i":{"x":[0.833,0.833,0.833],"y":[0.833,0.833,0.833]},"o":{"x":[0.167,0.167,0.167],"y":[0.167,0.167,0.167]},"t":63,"s":[150,150,100]},{"t":70,"s":[0,0,100]}],"ix":6}},"ao":0,"shapes":[{"ty":"gr","it":[{"d":1,"ty":"el","s":{"a":0,"k":[3.5,3.5],"ix":2},"p":{"a":0,"k":[0,0],"ix":3},"nm":"Ellipse Path 1","mn":"ADBE Vector Shape - Ellipse","hd":false},{"ty":"st","c":{"a":0,"k":[0.492810417624,1,0.683752441406,1],"ix":3},"o":{"a":0,"k":100,"ix":4},"w":{"a":0,"k":1.5,"ix":5},"lc":1,"lj":1,"ml":4,"bm":0,"nm":"Stroke 1","mn":"ADBE Vector Graphic - Stroke","hd":false},{"ty":"gf","o":{"a":0,"k":100,"ix":10},"r":1,"bm":0,"g":{"p":3,"k":{"a":0,"k":[0,0.843,0.435,0.176,0.5,0.922,0.665,0.088,1,1,0.894,0],"ix":9}},"s":{"a":0,"k":[0,0],"ix":5},"e":{"a":0,"k":[100,0],"ix":6},"t":1,"nm":"Gradient Fill 1","mn":"ADBE Vector Graphic - G-Fill","hd":false},{"ty":"tr","p":{"a":0,"k":[168.625,-49.375],"ix":2},"a":{"a":0,"k":[0,0],"ix":1},"s":{"a":0,"k":[100,100],"ix":3},"r":{"a":0,"k":0,"ix":6},"o":{"a":0,"k":100,"ix":7},"sk":{"a":0,"k":0,"ix":4},"sa":{"a":0,"k":0,"ix":5},"nm":"Transform"}],"nm":"Ellipse 1","np":3,"cix":2,"bm":0,"ix":1,"mn":"ADBE Vector Group","hd":false}],"ip":0,"op":120,"st":0,"bm":0},{"ddd":0,"ind":21,"ty":4,"nm":"dot 3","sr":1,"ks":{"o":{"a":0,"k":100,"ix":11},"r":{"a":0,"k":0,"ix":10},"p":{"a":1,"k":[{"i":{"x":0.667,"y":0.543},"o":{"x":0.333,"y":0},"t":10,"s":[400.125,374.625,0],"to":[0,0,0],"ti":[54.071,-45.774,0]},{"i":{"x":0.667,"y":1},"o":{"x":0.333,"y":0.3},"t":31,"s":[266.799,347.771,0],"to":[-62.075,52.549,0],"ti":[-10.129,-419.34,0]},{"t":83,"s":[167.75,880,0]}],"ix":2},"a":{"a":0,"k":[168.625,-49.375,0],"ix":1},"s":{"a":1,"k":[{"i":{"x":[0.833,0.833,0.833],"y":[0.833,0.833,0.833]},"o":{"x":[0.167,0.167,0.167],"y":[0.167,0.167,0.167]},"t":16,"s":[0,0,100]},{"i":{"x":[0.833,0.833,0.833],"y":[0.833,0.833,0.833]},"o":{"x":[0.167,0.167,0.167],"y":[0.167,0.167,0.167]},"t":29,"s":[100,100,100]},{"i":{"x":[0.833,0.833,0.833],"y":[0.833,0.833,0.833]},"o":{"x":[0.167,0.167,0.167],"y":[0.167,0.167,0.167]},"t":55,"s":[100,100,100]},{"t":62,"s":[0,0,100]}],"ix":6}},"ao":0,"shapes":[{"ty":"gr","it":[{"d":1,"ty":"el","s":{"a":0,"k":[2.75,2.75],"ix":2},"p":{"a":0,"k":[0,0],"ix":3},"nm":"Ellipse Path 1","mn":"ADBE Vector Shape - Ellipse","hd":false},{"ty":"gf","o":{"a":0,"k":100,"ix":10},"r":1,"bm":0,"g":{"p":3,"k":{"a":0,"k":[0,0.843,0.435,0.176,0.5,0.922,0.665,0.088,1,1,0.894,0],"ix":9}},"s":{"a":0,"k":[0,0],"ix":5},"e":{"a":0,"k":[100,0],"ix":6},"t":1,"nm":"Gradient Fill 1","mn":"ADBE Vector Graphic - G-Fill","hd":false},{"ty":"tr","p":{"a":0,"k":[168.625,-49.375],"ix":2},"a":{"a":0,"k":[0,0],"ix":1},"s":{"a":0,"k":[100,100],"ix":3},"r":{"a":0,"k":0,"ix":6},"o":{"a":0,"k":100,"ix":7},"sk":{"a":0,"k":0,"ix":4},"sa":{"a":0,"k":0,"ix":5},"nm":"Transform"}],"nm":"Ellipse 1","np":3,"cix":2,"bm":0,"ix":1,"mn":"ADBE Vector Group","hd":false}],"ip":0,"op":120,"st":0,"bm":0},{"ddd":0,"ind":22,"ty":4,"nm":"dot 5","sr":1,"ks":{"o":{"a":0,"k":100,"ix":11},"r":{"a":0,"k":0,"ix":10},"p":{"a":1,"k":[{"i":{"x":0.667,"y":1},"o":{"x":0.333,"y":0},"t":25,"s":[-0.375,332.125,0],"to":[0,0,0],"ti":[-53.75,-688.5,0]},{"t":80,"s":[233.75,887.5,0]}],"ix":2},"a":{"a":0,"k":[168.625,-49.375,0],"ix":1},"s":{"a":1,"k":[{"i":{"x":[0.833,0.833,0.833],"y":[0.833,0.833,0.833]},"o":{"x":[0.167,0.167,0.167],"y":[0.167,0.167,0.167]},"t":24,"s":[0,0,100]},{"i":{"x":[0.833,0.833,0.833],"y":[0.833,0.833,0.833]},"o":{"x":[0.167,0.167,0.167],"y":[0.167,0.167,0.167]},"t":37,"s":[100,100,100]},{"i":{"x":[0.833,0.833,0.833],"y":[0.833,0.833,0.833]},"o":{"x":[0.167,0.167,0.167],"y":[0.167,0.167,0.167]},"t":58,"s":[100,100,100]},{"t":65,"s":[0,0,100]}],"ix":6}},"ao":0,"shapes":[{"ty":"gr","it":[{"d":1,"ty":"el","s":{"a":0,"k":[3.5,3.5],"ix":2},"p":{"a":0,"k":[0,0],"ix":3},"nm":"Ellipse Path 1","mn":"ADBE Vector Shape - Ellipse","hd":false},{"ty":"st","c":{"a":0,"k":[1,0.576363776712,0,1],"ix":3},"o":{"a":0,"k":100,"ix":4},"w":{"a":0,"k":1.5,"ix":5},"lc":1,"lj":1,"ml":4,"bm":0,"nm":"Stroke 1","mn":"ADBE Vector Graphic - Stroke","hd":false},{"ty":"gf","o":{"a":0,"k":100,"ix":10},"r":1,"bm":0,"g":{"p":3,"k":{"a":0,"k":[0,0.843,0.435,0.176,0.5,0.922,0.665,0.088,1,1,0.894,0],"ix":9}},"s":{"a":0,"k":[0,0],"ix":5},"e":{"a":0,"k":[100,0],"ix":6},"t":1,"nm":"Gradient Fill 1","mn":"ADBE Vector Graphic - G-Fill","hd":false},{"ty":"tr","p":{"a":0,"k":[168.625,-49.375],"ix":2},"a":{"a":0,"k":[0,0],"ix":1},"s":{"a":0,"k":[100,100],"ix":3},"r":{"a":0,"k":0,"ix":6},"o":{"a":0,"k":100,"ix":7},"sk":{"a":0,"k":0,"ix":4},"sa":{"a":0,"k":0,"ix":5},"nm":"Transform"}],"nm":"Ellipse 1","np":3,"cix":2,"bm":0,"ix":1,"mn":"ADBE Vector Group","hd":false}],"ip":0,"op":120,"st":0,"bm":0},{"ddd":0,"ind":23,"ty":4,"nm":"dot 2","sr":1,"ks":{"o":{"a":0,"k":100,"ix":11},"r":{"a":0,"k":0,"ix":10},"p":{"a":1,"k":[{"i":{"x":0.667,"y":1},"o":{"x":0.333,"y":0},"t":25,"s":[380.625,333.125,0],"to":[0,0,0],"ti":[-53.75,-688.5,0]},{"t":80,"s":[233.75,887.5,0]}],"ix":2},"a":{"a":0,"k":[168.625,-49.375,0],"ix":1},"s":{"a":1,"k":[{"i":{"x":[0.833,0.833,0.833],"y":[0.833,0.833,0.833]},"o":{"x":[0.167,0.167,0.167],"y":[0.167,0.167,0.167]},"t":24,"s":[0,0,100]},{"i":{"x":[0.833,0.833,0.833],"y":[0.833,0.833,0.833]},"o":{"x":[0.167,0.167,0.167],"y":[0.167,0.167,0.167]},"t":37,"s":[100,100,100]},{"i":{"x":[0.833,0.833,0.833],"y":[0.833,0.833,0.833]},"o":{"x":[0.167,0.167,0.167],"y":[0.167,0.167,0.167]},"t":58,"s":[100,100,100]},{"t":65,"s":[0,0,100]}],"ix":6}},"ao":0,"shapes":[{"ty":"gr","it":[{"d":1,"ty":"el","s":{"a":0,"k":[3.5,3.5],"ix":2},"p":{"a":0,"k":[0,0],"ix":3},"nm":"Ellipse Path 1","mn":"ADBE Vector Shape - Ellipse","hd":false},{"ty":"st","c":{"a":0,"k":[0.492810417624,0.862760356828,1,1],"ix":3},"o":{"a":0,"k":100,"ix":4},"w":{"a":0,"k":1.5,"ix":5},"lc":1,"lj":1,"ml":4,"bm":0,"nm":"Stroke 1","mn":"ADBE Vector Graphic - Stroke","hd":false},{"ty":"gf","o":{"a":0,"k":100,"ix":10},"r":1,"bm":0,"g":{"p":3,"k":{"a":0,"k":[0,0.843,0.435,0.176,0.5,0.922,0.665,0.088,1,1,0.894,0],"ix":9}},"s":{"a":0,"k":[0,0],"ix":5},"e":{"a":0,"k":[100,0],"ix":6},"t":1,"nm":"Gradient Fill 1","mn":"ADBE Vector Graphic - G-Fill","hd":false},{"ty":"tr","p":{"a":0,"k":[168.625,-49.375],"ix":2},"a":{"a":0,"k":[0,0],"ix":1},"s":{"a":0,"k":[100,100],"ix":3},"r":{"a":0,"k":0,"ix":6},"o":{"a":0,"k":100,"ix":7},"sk":{"a":0,"k":0,"ix":4},"sa":{"a":0,"k":0,"ix":5},"nm":"Transform"}],"nm":"Ellipse 1","np":3,"cix":2,"bm":0,"ix":1,"mn":"ADBE Vector Group","hd":false}],"ip":0,"op":120,"st":0,"bm":0},{"ddd":0,"ind":24,"ty":4,"nm":"dot 6","sr":1,"ks":{"o":{"a":0,"k":100,"ix":11},"r":{"a":0,"k":0,"ix":10},"p":{"a":1,"k":[{"i":{"x":0.667,"y":1},"o":{"x":0.333,"y":0},"t":17,"s":[3.125,315.625,0],"to":[0,0,0],"ti":[-67.75,-575.5,0]},{"t":90,"s":[193.25,873,0]}],"ix":2},"a":{"a":0,"k":[168.625,-49.375,0],"ix":1},"s":{"a":1,"k":[{"i":{"x":[0.833,0.833,0.833],"y":[0.833,0.833,0.833]},"o":{"x":[0.167,0.167,0.167],"y":[0.167,0.167,0.167]},"t":24,"s":[0,0,100]},{"i":{"x":[0.833,0.833,0.833],"y":[0.833,0.833,0.833]},"o":{"x":[0.167,0.167,0.167],"y":[0.167,0.167,0.167]},"t":37,"s":[100,100,100]},{"i":{"x":[0.833,0.833,0.833],"y":[0.833,0.833,0.833]},"o":{"x":[0.167,0.167,0.167],"y":[0.167,0.167,0.167]},"t":68,"s":[100,100,100]},{"t":75,"s":[0,0,100]}],"ix":6}},"ao":0,"shapes":[{"ty":"gr","it":[{"d":1,"ty":"el","s":{"a":0,"k":[2.75,2.75],"ix":2},"p":{"a":0,"k":[0,0],"ix":3},"nm":"Ellipse Path 1","mn":"ADBE Vector Shape - Ellipse","hd":false},{"ty":"gf","o":{"a":0,"k":100,"ix":10},"r":1,"bm":0,"g":{"p":3,"k":{"a":0,"k":[0,0.843,0.435,0.176,0.5,0.922,0.665,0.088,1,1,0.894,0],"ix":9}},"s":{"a":0,"k":[0,0],"ix":5},"e":{"a":0,"k":[100,0],"ix":6},"t":1,"nm":"Gradient Fill 1","mn":"ADBE Vector Graphic - G-Fill","hd":false},{"ty":"tr","p":{"a":0,"k":[168.625,-49.375],"ix":2},"a":{"a":0,"k":[0,0],"ix":1},"s":{"a":0,"k":[100,100],"ix":3},"r":{"a":0,"k":0,"ix":6},"o":{"a":0,"k":100,"ix":7},"sk":{"a":0,"k":0,"ix":4},"sa":{"a":0,"k":0,"ix":5},"nm":"Transform"}],"nm":"Ellipse 1","np":3,"cix":2,"bm":0,"ix":1,"mn":"ADBE Vector Group","hd":false}],"ip":0,"op":120,"st":0,"bm":0},{"ddd":0,"ind":25,"ty":4,"nm":"dot 7","sr":1,"ks":{"o":{"a":0,"k":100,"ix":11},"r":{"a":0,"k":0,"ix":10},"p":{"a":1,"k":[{"i":{"x":0.667,"y":0.565},"o":{"x":0.333,"y":0},"t":17,"s":[-5.875,324.625,0],"to":[0,0,0],"ti":[-52.196,-59.662,0]},{"i":{"x":0.667,"y":1},"o":{"x":0.333,"y":0.348},"t":36,"s":[141.173,323.751,0],"to":[63.712,72.825,0],"ti":[-3.241,-316.338,0]},{"t":90,"s":[187.25,883,0]}],"ix":2},"a":{"a":0,"k":[168.625,-49.375,0],"ix":1},"s":{"a":1,"k":[{"i":{"x":[0.833,0.833,0.833],"y":[0.833,0.833,0.833]},"o":{"x":[0.167,0.167,0.167],"y":[0.167,0.167,0.167]},"t":24,"s":[0,0,100]},{"i":{"x":[0.833,0.833,0.833],"y":[0.833,0.833,0.833]},"o":{"x":[0.167,0.167,0.167],"y":[0.167,0.167,0.167]},"t":37,"s":[100,100,100]},{"i":{"x":[0.833,0.833,0.833],"y":[0.833,0.833,0.833]},"o":{"x":[0.167,0.167,0.167],"y":[0.167,0.167,0.167]},"t":68,"s":[100,100,100]},{"t":75,"s":[0,0,100]}],"ix":6}},"ao":0,"shapes":[{"ty":"gr","it":[{"d":1,"ty":"el","s":{"a":0,"k":[2.75,2.75],"ix":2},"p":{"a":0,"k":[0,0],"ix":3},"nm":"Ellipse Path 1","mn":"ADBE Vector Shape - Ellipse","hd":false},{"ty":"gf","o":{"a":0,"k":100,"ix":10},"r":1,"bm":0,"g":{"p":3,"k":{"a":0,"k":[0,0.843,0.435,0.176,0.5,0.922,0.665,0.088,1,1,0.894,0],"ix":9}},"s":{"a":0,"k":[0,0],"ix":5},"e":{"a":0,"k":[100,0],"ix":6},"t":1,"nm":"Gradient Fill 1","mn":"ADBE Vector Graphic - G-Fill","hd":false},{"ty":"tr","p":{"a":0,"k":[168.625,-49.375],"ix":2},"a":{"a":0,"k":[0,0],"ix":1},"s":{"a":0,"k":[100,100],"ix":3},"r":{"a":0,"k":0,"ix":6},"o":{"a":0,"k":100,"ix":7},"sk":{"a":0,"k":0,"ix":4},"sa":{"a":0,"k":0,"ix":5},"nm":"Transform"}],"nm":"Ellipse 1","np":3,"cix":2,"bm":0,"ix":1,"mn":"ADBE Vector Group","hd":false}],"ip":0,"op":120,"st":0,"bm":0},{"ddd":0,"ind":26,"ty":4,"nm":"dot","sr":1,"ks":{"o":{"a":0,"k":100,"ix":11},"r":{"a":0,"k":0,"ix":10},"p":{"a":1,"k":[{"i":{"x":0.667,"y":1},"o":{"x":0.333,"y":0},"t":17,"s":[371.125,347.625,0],"to":[0,0,0],"ti":[-67.75,-575.5,0]},{"t":90,"s":[267.25,881,0]}],"ix":2},"a":{"a":0,"k":[168.625,-49.375,0],"ix":1},"s":{"a":1,"k":[{"i":{"x":[0.833,0.833,0.833],"y":[0.833,0.833,0.833]},"o":{"x":[0.167,0.167,0.167],"y":[0.167,0.167,0.167]},"t":24,"s":[0,0,100]},{"i":{"x":[0.833,0.833,0.833],"y":[0.833,0.833,0.833]},"o":{"x":[0.167,0.167,0.167],"y":[0.167,0.167,0.167]},"t":37,"s":[100,100,100]},{"i":{"x":[0.833,0.833,0.833],"y":[0.833,0.833,0.833]},"o":{"x":[0.167,0.167,0.167],"y":[0.167,0.167,0.167]},"t":68,"s":[100,100,100]},{"t":75,"s":[0,0,100]}],"ix":6}},"ao":0,"shapes":[{"ty":"gr","it":[{"d":1,"ty":"el","s":{"a":0,"k":[2.75,2.75],"ix":2},"p":{"a":0,"k":[0,0],"ix":3},"nm":"Ellipse Path 1","mn":"ADBE Vector Shape - Ellipse","hd":false},{"ty":"gf","o":{"a":0,"k":100,"ix":10},"r":1,"bm":0,"g":{"p":3,"k":{"a":0,"k":[0,0.843,0.435,0.176,0.5,0.922,0.665,0.088,1,1,0.894,0],"ix":9}},"s":{"a":0,"k":[0,0],"ix":5},"e":{"a":0,"k":[100,0],"ix":6},"t":1,"nm":"Gradient Fill 1","mn":"ADBE Vector Graphic - G-Fill","hd":false},{"ty":"tr","p":{"a":0,"k":[168.625,-49.375],"ix":2},"a":{"a":0,"k":[0,0],"ix":1},"s":{"a":0,"k":[100,100],"ix":3},"r":{"a":0,"k":0,"ix":6},"o":{"a":0,"k":100,"ix":7},"sk":{"a":0,"k":0,"ix":4},"sa":{"a":0,"k":0,"ix":5},"nm":"Transform"}],"nm":"Ellipse 1","np":3,"cix":2,"bm":0,"ix":1,"mn":"ADBE Vector Group","hd":false}],"ip":0,"op":120,"st":0,"bm":0},{"ddd":0,"ind":27,"ty":4,"nm":"hong 4","sr":1,"ks":{"o":{"a":1,"k":[{"i":{"x":[0.833],"y":[0.833]},"o":{"x":[0.167],"y":[0.167]},"t":75,"s":[100]},{"t":85,"s":[0]}],"ix":11},"r":{"a":0,"k":0,"ix":10},"p":{"a":1,"k":[{"i":{"x":0.833,"y":0.925},"o":{"x":0.333,"y":0},"t":0,"s":[-88,501.656,0],"to":[0,0,0],"ti":[-148,37.906,0]},{"i":{"x":0.596,"y":0.85},"o":{"x":0.256,"y":0.091},"t":17,"s":[75.25,298.906,0],"to":[38.383,-10.143,0],"ti":[-45.243,-47.724,0]},{"i":{"x":0.639,"y":0.815},"o":{"x":0.303,"y":0.153},"t":28,"s":[295.114,329.425,0],"to":[18.57,19.961,0],"ti":[8.27,-31.095,0]},{"i":{"x":0.651,"y":0.781},"o":{"x":0.316,"y":0.197},"t":38,"s":[327.49,476.202,0],"to":[-5.454,20.506,0],"ti":[-2.835,-31.45,0]},{"i":{"x":0.702,"y":1},"o":{"x":0.31,"y":0.74},"t":48,"s":[330.427,601.035,0],"to":[-5.565,95.758,0],"ti":[3.085,-152.956,0]},{"t":119,"s":[309.75,833.031,0]}],"ix":2},"a":{"a":0,"k":[154.25,-31.594,0],"ix":1},"s":{"a":0,"k":[100,100,100],"ix":6}},"ao":0,"shapes":[{"ty":"gr","it":[{"ind":0,"ty":"sh","ix":1,"ks":{"a":0,"k":{"i":[[0,0],[0,0],[0,0],[0,0]],"o":[[0,0],[0,0],[0,0],[0,0]],"v":[[150.969,-34.875],[150.375,-29.531],[157.906,-28.312],[158.125,-33.594]],"c":true},"ix":2},"nm":"Path 1","mn":"ADBE Vector Shape - Group","hd":false},{"ty":"gf","o":{"a":0,"k":100,"ix":10},"r":1,"bm":0,"g":{"p":3,"k":{"a":0,"k":[0,0.859,0.067,0.067,0.5,0.927,0.214,0.214,1,0.996,0.361,0.361],"ix":9}},"s":{"a":0,"k":[157.059,-33.017],"ix":5},"e":{"a":0,"k":[151.159,-30.029],"ix":6},"t":1,"nm":"Gradient Fill 1","mn":"ADBE Vector Graphic - G-Fill","hd":false},{"ty":"tr","p":{"a":0,"k":[0,0],"ix":2},"a":{"a":0,"k":[0,0],"ix":1},"s":{"a":0,"k":[100,100],"ix":3},"r":{"a":0,"k":0,"ix":6},"o":{"a":0,"k":100,"ix":7},"sk":{"a":0,"k":0,"ix":4},"sa":{"a":0,"k":0,"ix":5},"nm":"Transform"}],"nm":"Shape 1","np":3,"cix":2,"bm":0,"ix":1,"mn":"ADBE Vector Group","hd":false}],"ip":0,"op":120,"st":0,"bm":0},{"ddd":0,"ind":28,"ty":4,"nm":"hong","sr":1,"ks":{"o":{"a":1,"k":[{"i":{"x":[0.833],"y":[0.833]},"o":{"x":[0.167],"y":[0.167]},"t":75,"s":[100]},{"t":85,"s":[0]}],"ix":11},"r":{"a":0,"k":0,"ix":10},"p":{"a":1,"k":[{"i":{"x":0.833,"y":0.93},"o":{"x":0.333,"y":0},"t":0,"s":[389,439.656,0],"to":[0,0,0],"ti":[132,-36.094,0]},{"i":{"x":0.576,"y":0.568},"o":{"x":0.225,"y":0.216},"t":17,"s":[115.25,347.906,0],"to":[-32.485,4.293,0],"ti":[24.719,-92.944,0]},{"i":{"x":0.651,"y":0.648},"o":{"x":0.316,"y":0.317},"t":38,"s":[27.49,472.202,0],"to":[-5.454,20.506,0],"ti":[5.165,-30.45,0]},{"i":{"x":0.702,"y":1},"o":{"x":0.31,"y":0.454},"t":48,"s":[15.427,549.035,0],"to":[-5.565,95.758,0],"ti":[3.085,-152.956,0]},{"t":119,"s":[17.75,929.031,0]}],"ix":2},"a":{"a":0,"k":[154.25,-31.594,0],"ix":1},"s":{"a":0,"k":[100,100,100],"ix":6}},"ao":0,"shapes":[{"ty":"gr","it":[{"ind":0,"ty":"sh","ix":1,"ks":{"a":0,"k":{"i":[[0,0],[0,0],[0,0],[0,0]],"o":[[0,0],[0,0],[0,0],[0,0]],"v":[[150.969,-34.875],[150.375,-29.531],[157.906,-28.312],[158.125,-33.594]],"c":true},"ix":2},"nm":"Path 1","mn":"ADBE Vector Shape - Group","hd":false},{"ty":"gf","o":{"a":0,"k":100,"ix":10},"r":1,"bm":0,"g":{"p":3,"k":{"a":0,"k":[0,0.859,0.067,0.067,0.5,0.927,0.214,0.214,1,0.996,0.361,0.361],"ix":9}},"s":{"a":0,"k":[157.059,-33.017],"ix":5},"e":{"a":0,"k":[151.159,-30.029],"ix":6},"t":1,"nm":"Gradient Fill 1","mn":"ADBE Vector Graphic - G-Fill","hd":false},{"ty":"tr","p":{"a":0,"k":[0,0],"ix":2},"a":{"a":0,"k":[0,0],"ix":1},"s":{"a":0,"k":[100,100],"ix":3},"r":{"a":0,"k":0,"ix":6},"o":{"a":0,"k":100,"ix":7},"sk":{"a":0,"k":0,"ix":4},"sa":{"a":0,"k":0,"ix":5},"nm":"Transform"}],"nm":"Shape 1","np":3,"cix":2,"bm":0,"ix":1,"mn":"ADBE Vector Group","hd":false}],"ip":0,"op":120,"st":0,"bm":0},{"ddd":0,"ind":29,"ty":4,"nm":"vang cam 4","sr":1,"ks":{"o":{"a":1,"k":[{"i":{"x":[0.833],"y":[0.833]},"o":{"x":[0.167],"y":[0.167]},"t":45,"s":[100]},{"t":55,"s":[0]}],"ix":11},"r":{"a":0,"k":0,"ix":10},"p":{"a":1,"k":[{"i":{"x":0.833,"y":0.898},"o":{"x":0.333,"y":0},"t":0,"s":[385.234,438.75,0],"to":[0,0,0],"ti":[156.359,-29.125,0]},{"i":{"x":0.58,"y":0.47},"o":{"x":0.233,"y":0.272},"t":17,"s":[243.734,310.125,0],"to":[-39.184,6.167,0],"ti":[9.487,-73.851,0]},{"i":{"x":0.695,"y":1},"o":{"x":0.275,"y":0.448},"t":35,"s":[173.407,400.898,0],"to":[-23.96,186.519,0],"ti":[0,0,0]},{"t":119,"s":[149.734,861.125,0]}],"ix":2},"a":{"a":0,"k":[124.234,13.875,0],"ix":1},"s":{"a":0,"k":[100,100,100],"ix":6}},"ao":0,"shapes":[{"ty":"gr","it":[{"ind":0,"ty":"sh","ix":1,"ks":{"a":0,"k":{"i":[[0,0],[0,0],[0,0],[0,0]],"o":[[0,0],[0,0],[0,0],[0,0]],"v":[[123.375,6.5],[116.469,17.5],[125.25,21.25],[132,10.375]],"c":true},"ix":2},"nm":"Path 1","mn":"ADBE Vector Shape - Group","hd":false},{"ty":"gf","o":{"a":0,"k":100,"ix":10},"r":1,"bm":0,"g":{"p":3,"k":{"a":0,"k":[0,0.843,0.435,0.176,0.5,0.922,0.665,0.088,1,1,0.894,0],"ix":9}},"s":{"a":0,"k":[124.75,19.336],"ix":5},"e":{"a":0,"k":[120.962,7.673],"ix":6},"t":1,"nm":"Gradient Fill 1","mn":"ADBE Vector Graphic - G-Fill","hd":false},{"ty":"tr","p":{"a":0,"k":[0,0],"ix":2},"a":{"a":0,"k":[0,0],"ix":1},"s":{"a":0,"k":[100,100],"ix":3},"r":{"a":0,"k":0,"ix":6},"o":{"a":0,"k":100,"ix":7},"sk":{"a":0,"k":0,"ix":4},"sa":{"a":0,"k":0,"ix":5},"nm":"Transform"}],"nm":"Shape 1","np":3,"cix":2,"bm":0,"ix":1,"mn":"ADBE Vector Group","hd":false}],"ip":0,"op":120,"st":0,"bm":0},{"ddd":0,"ind":30,"ty":4,"nm":"vang cam 2","sr":1,"ks":{"o":{"a":1,"k":[{"i":{"x":[0.833],"y":[0.833]},"o":{"x":[0.167],"y":[0.167]},"t":45,"s":[100]},{"t":55,"s":[0]}],"ix":11},"r":{"a":0,"k":0,"ix":10},"p":{"a":1,"k":[{"i":{"x":0.833,"y":0.927},"o":{"x":0.333,"y":0},"t":0,"s":[385.234,438.75,0],"to":[0,0,0],"ti":[156.359,-29.125,0]},{"i":{"x":0.667,"y":1},"o":{"x":0.167,"y":0.212},"t":17,"s":[125.734,284.125,0],"to":[-138.147,21.741,0],"ti":[0,0,0]},{"t":119,"s":[79.734,919.125,0]}],"ix":2},"a":{"a":0,"k":[124.234,13.875,0],"ix":1},"s":{"a":0,"k":[100,100,100],"ix":6}},"ao":0,"shapes":[{"ty":"gr","it":[{"ind":0,"ty":"sh","ix":1,"ks":{"a":0,"k":{"i":[[0,0],[0,0],[0,0],[0,0]],"o":[[0,0],[0,0],[0,0],[0,0]],"v":[[123.375,6.5],[116.469,17.5],[125.25,21.25],[132,10.375]],"c":true},"ix":2},"nm":"Path 1","mn":"ADBE Vector Shape - Group","hd":false},{"ty":"gf","o":{"a":0,"k":100,"ix":10},"r":1,"bm":0,"g":{"p":3,"k":{"a":0,"k":[0,0.843,0.435,0.176,0.5,0.922,0.665,0.088,1,1,0.894,0],"ix":9}},"s":{"a":0,"k":[124.75,19.336],"ix":5},"e":{"a":0,"k":[120.962,7.673],"ix":6},"t":1,"nm":"Gradient Fill 1","mn":"ADBE Vector Graphic - G-Fill","hd":false},{"ty":"tr","p":{"a":0,"k":[0,0],"ix":2},"a":{"a":0,"k":[0,0],"ix":1},"s":{"a":0,"k":[100,100],"ix":3},"r":{"a":0,"k":0,"ix":6},"o":{"a":0,"k":100,"ix":7},"sk":{"a":0,"k":0,"ix":4},"sa":{"a":0,"k":0,"ix":5},"nm":"Transform"}],"nm":"Shape 1","np":3,"cix":2,"bm":0,"ix":1,"mn":"ADBE Vector Group","hd":false}],"ip":0,"op":120,"st":0,"bm":0},{"ddd":0,"ind":31,"ty":4,"nm":"xanh duong 3","sr":1,"ks":{"o":{"a":1,"k":[{"i":{"x":[0.833],"y":[0.833]},"o":{"x":[0.167],"y":[0.167]},"t":48,"s":[100]},{"t":58,"s":[0]}],"ix":11},"r":{"a":0,"k":0,"ix":10},"p":{"a":1,"k":[{"i":{"x":0.833,"y":0.911},"o":{"x":0.333,"y":0},"t":0,"s":[386.016,434.062,0],"to":[11.792,-19.896,0],"ti":[108.766,-1.562,0]},{"i":{"x":0.596,"y":0.769},"o":{"x":0.256,"y":0.134},"t":17,"s":[325.516,291.938,0],"to":[-24.049,1.22,0],"ti":[25.651,-17.965,0]},{"i":{"x":0.688,"y":1},"o":{"x":0.246,"y":0.263},"t":28,"s":[206.095,330.643,0],"to":[-112.731,97.554,0],"ti":[7.259,-115.74,0]},{"t":119,"s":[69.266,863.688,0]}],"ix":2},"a":{"a":0,"k":[20.266,28.938,0],"ix":1},"s":{"a":0,"k":[100,100,100],"ix":6}},"ao":0,"shapes":[{"ty":"gr","it":[{"ind":0,"ty":"sh","ix":1,"ks":{"a":0,"k":{"i":[[0,0],[0,0],[0,0],[0,0]],"o":[[0,0],[0,0],[0,0],[0,0]],"v":[[21.969,23.219],[14.594,29.781],[18.562,34.656],[25.938,28.25]],"c":true},"ix":2},"nm":"Path 1","mn":"ADBE Vector Shape - Group","hd":false},{"ty":"gf","o":{"a":0,"k":100,"ix":10},"r":1,"bm":0,"g":{"p":3,"k":{"a":0,"k":[0,0.992,0.243,0.722,0.5,0.996,0.439,0.814,1,1,0.635,0.906],"ix":9}},"s":{"a":0,"k":[22.357,33.518],"ix":5},"e":{"a":0,"k":[23.823,24.247],"ix":6},"t":1,"nm":"Gradient Fill 1","mn":"ADBE Vector Graphic - G-Fill","hd":false},{"ty":"tr","p":{"a":0,"k":[0,0],"ix":2},"a":{"a":0,"k":[0,0],"ix":1},"s":{"a":0,"k":[100,100],"ix":3},"r":{"a":0,"k":0,"ix":6},"o":{"a":0,"k":100,"ix":7},"sk":{"a":0,"k":0,"ix":4},"sa":{"a":0,"k":0,"ix":5},"nm":"Transform"}],"nm":"Shape 1","np":3,"cix":2,"bm":0,"ix":1,"mn":"ADBE Vector Group","hd":false}],"ip":0,"op":120,"st":0,"bm":0},{"ddd":0,"ind":32,"ty":4,"nm":"xanh duong","sr":1,"ks":{"o":{"a":1,"k":[{"i":{"x":[0.833],"y":[0.833]},"o":{"x":[0.167],"y":[0.167]},"t":48,"s":[100]},{"t":58,"s":[0]}],"ix":11},"r":{"a":0,"k":0,"ix":10},"p":{"a":1,"k":[{"i":{"x":0.833,"y":0.918},"o":{"x":0.333,"y":0},"t":0,"s":[386.016,434.062,0],"to":[-25.208,-13.896,0],"ti":[108.766,-1.562,0]},{"i":{"x":0.58,"y":0.619},"o":{"x":0.233,"y":0.187},"t":17,"s":[184.516,325.938,0],"to":[-36.959,1.875,0],"ti":[15.801,-59.345,0]},{"i":{"x":0.695,"y":1},"o":{"x":0.275,"y":0.414},"t":35,"s":[90.791,435.908,0],"to":[-33.592,126.164,0],"ti":[6.234,-99.407,0]},{"t":119,"s":[71.266,863.688,0]}],"ix":2},"a":{"a":0,"k":[20.266,28.938,0],"ix":1},"s":{"a":0,"k":[100,117.486,100],"ix":6}},"ao":0,"shapes":[{"ty":"gr","it":[{"ind":0,"ty":"sh","ix":1,"ks":{"a":0,"k":{"i":[[0,0],[0,0],[0,0],[0,0]],"o":[[0,0],[0,0],[0,0],[0,0]],"v":[[21.969,23.219],[14.594,29.781],[18.562,34.656],[25.938,28.25]],"c":true},"ix":2},"nm":"Path 1","mn":"ADBE Vector Shape - Group","hd":false},{"ty":"gf","o":{"a":0,"k":100,"ix":10},"r":1,"bm":0,"g":{"p":3,"k":{"a":0,"k":[0,0.992,0.243,0.722,0.5,0.996,0.439,0.814,1,1,0.635,0.906],"ix":9}},"s":{"a":0,"k":[22.357,33.518],"ix":5},"e":{"a":0,"k":[23.823,24.247],"ix":6},"t":1,"nm":"Gradient Fill 1","mn":"ADBE Vector Graphic - G-Fill","hd":false},{"ty":"tr","p":{"a":0,"k":[0,0],"ix":2},"a":{"a":0,"k":[0,0],"ix":1},"s":{"a":0,"k":[100,100],"ix":3},"r":{"a":0,"k":0,"ix":6},"o":{"a":0,"k":100,"ix":7},"sk":{"a":0,"k":0,"ix":4},"sa":{"a":0,"k":0,"ix":5},"nm":"Transform"}],"nm":"Shape 1","np":3,"cix":2,"bm":0,"ix":1,"mn":"ADBE Vector Group","hd":false}],"ip":0,"op":120,"st":0,"bm":0},{"ddd":0,"ind":33,"ty":4,"nm":"do cam 3","sr":1,"ks":{"o":{"a":1,"k":[{"i":{"x":[0.833],"y":[0.833]},"o":{"x":[0.167],"y":[0.167]},"t":40,"s":[100]},{"t":50,"s":[0]}],"ix":11},"r":{"a":0,"k":0,"ix":10},"p":{"a":1,"k":[{"i":{"x":0.833,"y":0.927},"o":{"x":0.333,"y":0},"t":0,"s":[385.922,439.281,0],"to":[0,0,0],"ti":[40.422,1.531,0]},{"i":{"x":0.593,"y":0.83},"o":{"x":0.252,"y":0.09},"t":17,"s":[245.922,293.781,0],"to":[-95.635,-12.418,0],"ti":[16.089,-18.22,0]},{"i":{"x":0.689,"y":1},"o":{"x":0.251,"y":0.276},"t":29,"s":[95.457,366.773,0],"to":[-76.887,87.073,0],"ti":[0,0,0]},{"t":119,"s":[73.922,862.156,0]}],"ix":2},"a":{"a":0,"k":[-167.828,29.156,0],"ix":1},"s":{"a":0,"k":[100,100,100],"ix":6}},"ao":0,"shapes":[{"ty":"gr","it":[{"ind":0,"ty":"sh","ix":1,"ks":{"a":0,"k":{"i":[[0,3.344],[1.875,-1.844],[-3.781,-0.125],[-1.875,2]],"o":[[-1.625,1.625],[0.094,2.531],[1.688,-1.656],[-3.906,0.844]],"v":[[-167.875,23.719],[-173.906,29.562],[-167.875,34.594],[-161.75,28.25]],"c":true},"ix":2},"nm":"Path 1","mn":"ADBE Vector Shape - Group","hd":false},{"ty":"gf","o":{"a":0,"k":100,"ix":10},"r":1,"bm":0,"g":{"p":3,"k":{"a":0,"k":[0,0,0.541,0.286,0.5,0,0.737,0.441,1,0,0.933,0.596],"ix":9}},"s":{"a":0,"k":[-168.354,27.166],"ix":5},"e":{"a":0,"k":[-168.467,34.743],"ix":6},"t":1,"nm":"Gradient Fill 1","mn":"ADBE Vector Graphic - G-Fill","hd":false},{"ty":"tr","p":{"a":0,"k":[0,0],"ix":2},"a":{"a":0,"k":[0,0],"ix":1},"s":{"a":0,"k":[100,100],"ix":3},"r":{"a":0,"k":0,"ix":6},"o":{"a":0,"k":100,"ix":7},"sk":{"a":0,"k":0,"ix":4},"sa":{"a":0,"k":0,"ix":5},"nm":"Transform"}],"nm":"Shape 1","np":3,"cix":2,"bm":0,"ix":1,"mn":"ADBE Vector Group","hd":false}],"ip":0,"op":120,"st":0,"bm":0},{"ddd":0,"ind":34,"ty":4,"nm":"do cam 5","sr":1,"ks":{"o":{"a":1,"k":[{"i":{"x":[0.833],"y":[0.833]},"o":{"x":[0.167],"y":[0.167]},"t":40,"s":[100]},{"t":50,"s":[0]}],"ix":11},"r":{"a":0,"k":0,"ix":10},"p":{"a":1,"k":[{"i":{"x":0.833,"y":0.95},"o":{"x":0.333,"y":0},"t":0,"s":[-42.078,587.281,0],"to":[0,0,0],"ti":[-142.578,8.531,0]},{"i":{"x":0.58,"y":0.593},"o":{"x":0.233,"y":0.186},"t":17,"s":[156.922,342.781,0],"to":[41.879,2.179,0],"ti":[-34.533,-53.573,0]},{"i":{"x":0.695,"y":1},"o":{"x":0.275,"y":0.374},"t":35,"s":[270.69,395.356,0],"to":[26.957,159.486,0],"ti":[0,0,0]},{"t":119,"s":[255.922,834.156,0]}],"ix":2},"a":{"a":0,"k":[-167.828,29.156,0],"ix":1},"s":{"a":0,"k":[100,100,100],"ix":6}},"ao":0,"shapes":[{"ty":"gr","it":[{"ind":0,"ty":"sh","ix":1,"ks":{"a":0,"k":{"i":[[0,3.344],[1.875,-1.844],[-3.781,-0.125],[-1.875,2]],"o":[[-1.625,1.625],[0.094,2.531],[1.688,-1.656],[-3.906,0.844]],"v":[[-167.875,23.719],[-173.906,29.562],[-167.875,34.594],[-161.75,28.25]],"c":true},"ix":2},"nm":"Path 1","mn":"ADBE Vector Shape - Group","hd":false},{"ty":"gf","o":{"a":0,"k":100,"ix":10},"r":1,"bm":0,"g":{"p":3,"k":{"a":0,"k":[0,0,0.541,0.286,0.5,0,0.737,0.441,1,0,0.933,0.596],"ix":9}},"s":{"a":0,"k":[-168.354,27.166],"ix":5},"e":{"a":0,"k":[-168.467,34.743],"ix":6},"t":1,"nm":"Gradient Fill 1","mn":"ADBE Vector Graphic - G-Fill","hd":false},{"ty":"tr","p":{"a":0,"k":[0,0],"ix":2},"a":{"a":0,"k":[0,0],"ix":1},"s":{"a":0,"k":[100,100],"ix":3},"r":{"a":0,"k":0,"ix":6},"o":{"a":0,"k":100,"ix":7},"sk":{"a":0,"k":0,"ix":4},"sa":{"a":0,"k":0,"ix":5},"nm":"Transform"}],"nm":"Shape 1","np":3,"cix":2,"bm":0,"ix":1,"mn":"ADBE Vector Group","hd":false}],"ip":0,"op":120,"st":0,"bm":0},{"ddd":0,"ind":35,"ty":4,"nm":"do cam","sr":1,"ks":{"o":{"a":1,"k":[{"i":{"x":[0.833],"y":[0.833]},"o":{"x":[0.167],"y":[0.167]},"t":40,"s":[100]},{"t":50,"s":[0]}],"ix":11},"r":{"a":0,"k":0,"ix":10},"p":{"a":1,"k":[{"i":{"x":0.833,"y":0.899},"o":{"x":0.333,"y":0},"t":0,"s":[385.922,439.281,0],"to":[0,0,0],"ti":[40.422,1.531,0]},{"i":{"x":0.58,"y":0.598},"o":{"x":0.233,"y":0.184},"t":17,"s":[239.922,363.781,0],"to":[-41.121,-6.821,0],"ti":[16.967,-49.573,0]},{"i":{"x":0.695,"y":1},"o":{"x":0.275,"y":0.4},"t":35,"s":[141.19,437.856,0],"to":[-46.543,135.986,0],"ti":[0,0,0]},{"t":119,"s":[134.922,847.156,0]}],"ix":2},"a":{"a":0,"k":[-167.828,29.156,0],"ix":1},"s":{"a":0,"k":[100,100,100],"ix":6}},"ao":0,"shapes":[{"ty":"gr","it":[{"ind":0,"ty":"sh","ix":1,"ks":{"a":0,"k":{"i":[[0,3.344],[1.875,-1.844],[-3.781,-0.125],[-1.875,2]],"o":[[-1.625,1.625],[0.094,2.531],[1.688,-1.656],[-3.906,0.844]],"v":[[-167.875,23.719],[-173.906,29.562],[-167.875,34.594],[-161.75,28.25]],"c":true},"ix":2},"nm":"Path 1","mn":"ADBE Vector Shape - Group","hd":false},{"ty":"gf","o":{"a":0,"k":100,"ix":10},"r":1,"bm":0,"g":{"p":3,"k":{"a":0,"k":[0,0,0.541,0.286,0.5,0,0.737,0.441,1,0,0.933,0.596],"ix":9}},"s":{"a":0,"k":[-168.354,27.166],"ix":5},"e":{"a":0,"k":[-168.467,34.743],"ix":6},"t":1,"nm":"Gradient Fill 1","mn":"ADBE Vector Graphic - G-Fill","hd":false},{"ty":"tr","p":{"a":0,"k":[0,0],"ix":2},"a":{"a":0,"k":[0,0],"ix":1},"s":{"a":0,"k":[100,100],"ix":3},"r":{"a":0,"k":0,"ix":6},"o":{"a":0,"k":100,"ix":7},"sk":{"a":0,"k":0,"ix":4},"sa":{"a":0,"k":0,"ix":5},"nm":"Transform"}],"nm":"Shape 1","np":3,"cix":2,"bm":0,"ix":1,"mn":"ADBE Vector Group","hd":false}],"ip":0,"op":120,"st":0,"bm":0}]}],"layers":[{"ddd":0,"ind":1,"ty":0,"nm":"Comp 3","refId":"comp_0","sr":1,"ks":{"o":{"a":0,"k":100,"ix":11},"r":{"a":0,"k":0,"ix":10},"p":{"a":0,"k":[187.5,183,0],"ix":2},"a":{"a":0,"k":[187.5,406,0],"ix":1},"s":{"a":0,"k":[99.893,99.893,100],"ix":6}},"ao":0,"w":375,"h":812,"ip":0,"op":120,"st":0,"bm":0}],"markers":[]}